Id,Predicted
5093,2.090975392832206e-08
5094,0.9978469610214233
5095,0.9996104836463928
5096,0.9999395608901978
5097,0.9988792538642883
5098,0.9374080896377563
5099,0.963232159614563
5100,0.9034324884414673
5101,0.726858377456665
5102,0.999165415763855
5103,0.7050520777702332
5104,0.962883472442627
5105,0.9878707528114319
5106,0.9364672899246216
5107,0.6879268288612366
5108,0.6959997415542603
5109,0.7995322942733765
5110,0.9938449859619141
5111,0.7601253986358643
5112,0.6821861267089844
5113,0.6918391585350037
5114,0.7756410837173462
5115,0.734244167804718
5116,0.6690709590911865
5117,0.6772820949554443
5118,0.6694613695144653
5119,0.7039046287536621
5120,0.684546172618866
5121,0.9966880679130554
5122,0.697147011756897
5123,0.9020781517028809
5124,0.6582476496696472
5125,0.6497461199760437
5126,0.6718161702156067
5127,0.6336674690246582
5128,0.7016137838363647
5129,0.6605638265609741
5130,0.8623406887054443
5131,0.9118228554725647
5132,0.893588662147522
5133,0.7989760041236877
5134,0.6379401087760925
5135,0.6408513188362122
5136,0.627520740032196
5137,0.8121088147163391
5138,0.6284138560295105
5139,0.6904510855674744
5140,0.6499230861663818
5141,0.6176080107688904
5142,0.6633457541465759
5143,0.6719686985015869
5144,0.7721108198165894
5145,0.6296584010124207
5146,0.8817786574363708
5147,0.9694185256958008
5148,0.8984060883522034
5149,0.6184985637664795
5150,0.9716926217079163
5151,0.6049984097480774
5152,0.6580000519752502
5153,0.8965886235237122
5154,0.8941409587860107
5155,0.7052260041236877
5156,0.8338785171508789
5157,0.6091172695159912
5158,0.6109220385551453
5159,0.6117632389068604
5160,0.8141589760780334
5161,0.9944131970405579
5162,0.7529107928276062
5163,0.6145370006561279
5164,0.8349049091339111
5165,0.6113334894180298
5166,0.8483471870422363
5167,0.8525580167770386
5168,0.6104300022125244
5169,0.5994275808334351
5170,0.876584529876709
5171,0.965453028678894
5172,0.7702372074127197
5173,0.6013885140419006
5174,0.5983861088752747
5175,0.5876063108444214
5176,0.606497585773468
5177,0.9422397613525391
5178,0.608161211013794
5179,0.8445115685462952
5180,0.7829298377037048
5181,0.5963442921638489
5182,0.5964565277099609
5183,0.9207118153572083
5184,0.6112979650497437
5185,0.8557180762290955
5186,0.8799249529838562
5187,0.5959622859954834
5188,0.857691764831543
5189,0.8130360245704651
5190,0.6047377586364746
5191,0.6704835891723633
5192,0.5957391858100891
5193,0.5917459726333618
5194,0.6368752717971802
5195,0.8850162625312805
5196,0.8247382044792175
5197,0.6141124367713928
5198,0.6299211382865906
5199,0.5898611545562744
5200,0.6075369119644165
5201,0.5910272598266602
5202,0.5900095701217651
5203,0.9023464918136597
5204,0.5976300835609436
5205,0.5849426984786987
5206,0.9015718102455139
5207,0.5913271307945251
5208,0.7809993624687195
5209,0.5973409414291382
5210,0.6847208738327026
5211,0.8162696957588196
5212,0.5939712524414062
5213,0.833172082901001
5214,0.5915630459785461
5215,0.9732834100723267
5216,0.5728426575660706
5217,0.5774097442626953
5218,0.5784353017807007
5219,0.6099923253059387
5220,0.6350895166397095
5221,0.6748347878456116
5222,0.5819501876831055
5223,0.8112789392471313
5224,0.5694682002067566
5225,0.5748513340950012
5226,0.5867424607276917
5227,0.5813864469528198
5228,0.8092455863952637
5229,0.6538768410682678
5230,0.5828039050102234
5231,0.594332754611969
5232,0.5926914215087891
5233,0.8120869994163513
5234,0.5850730538368225
5235,0.585152804851532
5236,0.7323240041732788
5237,0.5788425207138062
5238,0.9022966027259827
5239,0.5781040787696838
5240,0.879717230796814
5241,0.5660796165466309
5242,0.9585604667663574
5243,0.5691567063331604
5244,0.5356120467185974
5245,0.5696515440940857
5246,0.6090185642242432
5247,0.5799621939659119
5248,0.5392006039619446
5249,0.5314968824386597
5250,0.5130642056465149
5251,0.8739544153213501
5252,0.8491899967193604
5253,0.7182936072349548
5254,0.6207661032676697
5255,0.9842958450317383
5256,0.5410290360450745
5257,0.8012948036193848
5258,0.5212321877479553
5259,0.5606441497802734
5260,0.5332635045051575
5261,0.5774834752082825
5262,0.5170408487319946
5263,0.5833086967468262
5264,0.5611280798912048
5265,0.569561779499054
5266,0.9234280586242676
5267,0.5700191855430603
5268,0.8449877500534058
5269,0.6176477074623108
5270,0.5984531044960022
5271,0.5756281018257141
5272,0.6543403267860413
5273,0.7723565697669983
5274,0.514654278755188
5275,0.4941152334213257
5276,0.533618152141571
5277,0.5823913216590881
5278,0.36829042434692383
5279,0.5839840769767761
5280,0.7828983068466187
5281,0.7593570351600647
5282,0.5203119516372681
5283,0.6440456509590149
5284,0.6158427000045776
5285,0.5726969242095947
5286,0.8236242532730103
5287,0.500127911567688
5288,0.8828204274177551
5289,0.7655110359191895
5290,0.5187029242515564
5291,0.6702795028686523
5292,0.5791580677032471
5293,0.5239312052726746
5294,0.7922512292861938
5295,0.9811999201774597
5296,0.5651922225952148
5297,0.455325722694397
5298,0.6495038270950317
5299,0.5638457536697388
5300,0.6031612157821655
5301,0.5735346078872681
5302,0.4928935170173645
5303,0.5701258182525635
5304,0.6022334098815918
5305,0.5179630517959595
5306,0.4670836925506592
5307,0.6344712972640991
5308,0.6190147399902344
5309,0.4983753561973572
5310,0.5504950881004333
5311,0.38128310441970825
5312,0.48515570163726807
5313,0.4926488697528839
5314,0.7871089577674866
5315,0.7556085586547852
5316,0.5029256939888
5317,0.7000895142555237
5318,0.5414021015167236
5319,0.6885876655578613
5320,0.5956511497497559
5321,0.8635998964309692
5322,0.6648411750793457
5323,0.2869887351989746
5324,0.7282453179359436
5325,0.5350505709648132
5326,0.5138888359069824
5327,0.5292438268661499
5328,0.5100667476654053
5329,0.6275451183319092
5330,0.5633669495582581
5331,0.5568625330924988
5332,0.5418263673782349
5333,0.5512658953666687
5334,0.4898900091648102
5335,0.5259839296340942
5336,0.465528666973114
5337,0.6826863288879395
5338,0.9162145853042603
5339,0.4791402220726013
5340,0.6342942714691162
5341,0.46675875782966614
5342,0.47779038548469543
5343,0.476762592792511
5344,0.4769814610481262
5345,0.43274804949760437
5346,0.4486846327781677
5347,0.5173002481460571
5348,0.8790243268013
5349,0.4662516117095947
5350,0.9148343205451965
5351,0.41175931692123413
5352,0.7419834136962891
5353,0.44794610142707825
5354,0.39724820852279663
5355,0.7738463282585144
5356,0.8636189699172974
5357,0.5254480838775635
5358,0.5724332332611084
5359,0.7559497356414795
5360,0.4011775553226471
5361,0.5183877348899841
5362,0.5377649068832397
5363,0.36825668811798096
5364,0.8129464983940125
5365,0.9114307165145874
5366,0.5966235399246216
5367,0.6190508008003235
5368,0.4297778904438019
5369,0.3600947856903076
5370,0.48394423723220825
5371,0.4747835099697113
5372,0.47442004084587097
5373,0.4788713753223419
5374,0.5276045799255371
5375,0.6309659481048584
5376,0.5009232759475708
5377,0.5326747894287109
5378,0.4822269678115845
5379,0.5500572323799133
5380,0.8468711972236633
5381,0.5386636853218079
5382,0.5200285315513611
5383,0.8605523705482483
5384,0.49545571208000183
5385,0.48880884051322937
5386,0.7476406693458557
5387,0.48577266931533813
5388,0.5473586320877075
5389,0.44587573409080505
5390,0.9317457675933838
5391,0.45848166942596436
5392,0.5824061632156372
5393,0.24905060231685638
5394,0.34820762276649475
5395,0.6115267276763916
5396,0.3679894208908081
5397,0.7218663096427917
5398,0.5004985332489014
5399,0.4602166414260864
5400,0.466927170753479
5401,0.5303037166595459
5402,0.5280861258506775
5403,0.3808841407299042
5404,0.5131059288978577
5405,0.4680168628692627
5406,0.5642224550247192
5407,0.47602295875549316
5408,0.8611322045326233
5409,0.9332546591758728
5410,0.470620334148407
5411,0.4657687544822693
5412,0.44202256202697754
5413,0.8624468445777893
5414,0.4368252158164978
5415,0.44616466760635376
5416,0.6350089907646179
5417,0.43650418519973755
5418,0.43577027320861816
5419,0.8239853978157043
5420,0.8651353120803833
5421,0.3876528739929199
5422,0.5609849095344543
5423,0.5018325448036194
5424,0.5736276507377625
5425,0.504497766494751
5426,0.5023342967033386
5427,0.351797878742218
5428,0.9365540742874146
5429,0.5315614938735962
5430,0.48475614190101624
5431,0.5437843203544617
5432,0.44461527466773987
5433,0.4630260765552521
5434,0.42285987734794617
5435,0.6662553548812866
5436,0.6866036057472229
5437,0.45902448892593384
5438,0.6011793613433838
5439,0.5158863067626953
5440,0.5860940217971802
5441,0.44432637095451355
5442,0.2431236207485199
5443,0.42560014128685
5444,0.864470362663269
5445,0.4763434827327728
5446,0.42381012439727783
5447,0.4461613595485687
5448,0.7687747478485107
5449,0.7934983968734741
5450,0.33572882413864136
5451,0.793512761592865
5452,0.3149699866771698
5453,0.43393322825431824
5454,0.4589742422103882
5455,0.3405883312225342
5456,0.48167744278907776
5457,0.4344354569911957
5458,0.4024728834629059
5459,0.8368737101554871
5460,0.8673641085624695
5461,0.380496084690094
5462,0.37580743432044983
5463,0.5214919447898865
5464,0.40613484382629395
5465,0.44715526700019836
5466,0.9109469652175903
5467,0.4379082918167114
5468,0.4655354619026184
5469,0.3413415551185608
5470,0.4261362552642822
5471,0.4778366684913635
5472,0.5063462853431702
5473,0.6254202723503113
5474,0.35312533378601074
5475,0.23572272062301636
5476,0.8745530843734741
5477,0.536507248878479
5478,0.21902330219745636
5479,0.6213012337684631
5480,0.46780645847320557
5481,0.24145549535751343
5482,0.8550082445144653
5483,0.6133997440338135
5484,0.6377024054527283
5485,0.315418541431427
5486,0.381500780582428
5487,0.5049435496330261
5488,0.3376387059688568
5489,0.3960925340652466
5490,1.85323057790567e-33
5491,0.9349517822265625
5492,0.6167322397232056
5493,0.4520060122013092
5494,0.28825074434280396
5495,0.4863339364528656
5496,0.6272672414779663
5497,0.4164479672908783
5498,0.47146090865135193
5499,0.6282223463058472
5500,0.2440030723810196
5501,0.281332403421402
5502,0.4404607117176056
5503,0.40007683634757996
5504,0.6549578309059143
5505,0.4678886830806732
5506,0.660701334476471
5507,0.8883025646209717
5508,0.567601203918457
5509,0.6484072208404541
5510,0.36154162883758545
5511,0.2470104694366455
5512,0.7094693779945374
5513,0.5650492310523987
5514,0.5159634351730347
5515,0.4877467453479767
5516,0.559840738773346
5517,0.46246030926704407
5518,0.7611484527587891
5519,0.5522974729537964
5520,0.23914478719234467
5521,0.4768228530883789
5522,0.7398232221603394
5523,0.32598620653152466
5524,0.4908450245857239
5525,0.22089943289756775
5526,0.48338237404823303
5527,0.2806805968284607
5528,0.8110963106155396
5529,0.4071139097213745
5530,0.8217954039573669
5531,0.5359833836555481
5532,0.585869312286377
5533,0.480196475982666
5534,0.672268807888031
5535,0.4492785334587097
5536,0.5104853510856628
5537,0.33763015270233154
5538,0.40694406628608704
5539,0.6293150782585144
5540,0.5424769520759583
5541,0.36184701323509216
5542,0.19374290108680725
5543,0.4823768734931946
5544,0.30426719784736633
5545,0.6046319007873535
5546,0.49499937891960144
5547,0.22460079193115234
5548,0.6189473271369934
5549,0.007938035763800144
5550,0.31792300939559937
5551,0.34001973271369934
5552,0.29954344034194946
5553,0.4323851764202118
5554,0.9393490552902222
5555,0.8154506683349609
5556,0.855111837387085
5557,0.7264779806137085
5558,0.3791056275367737
5559,0.48441585898399353
5560,0.40930652618408203
5561,0.36357566714286804
5562,0.47522011399269104
5563,0.4809819459915161
5564,0.5481986999511719
5565,0.7748241424560547
5566,0.38945674896240234
5567,0.4910854697227478
5568,0.3927990794181824
5569,0.4054672420024872
5570,0.2785782814025879
5571,0.7550519108772278
5572,0.25027474761009216
5573,0.4971972107887268
5574,0.8781472444534302
5575,0.7313409447669983
5576,0.7032668590545654
5577,0.49791157245635986
5578,0.4964078664779663
5579,0.46127206087112427
5580,0.3650388717651367
5581,0.2335667759180069
5582,0.2187727838754654
5583,0.5820239782333374
5584,0.25411826372146606
5585,0.554491400718689
5586,0.5191277265548706
5587,0.33541858196258545
5588,0.2673373520374298
5589,0.560791015625
5590,0.23850390315055847
5591,0.3226552903652191
5592,0.5024016499519348
5593,0.44718194007873535
5594,0.2782023847103119
5595,0.35278838872909546
5596,0.20385688543319702
5597,0.5701778531074524
5598,0.24504482746124268
5599,0.321745902299881
5600,0.2117774486541748
5601,0.22355471551418304
5602,0.41697633266448975
5603,0.48435404896736145
5604,0.3071371614933014
5605,0.4436057507991791
5606,0.5853782296180725
5607,0.31340688467025757
5608,0.2575627863407135
5609,0.37296414375305176
5610,0.766422688961029
5611,0.6240957379341125
5612,0.3647066354751587
5613,0.5452353954315186
5614,0.423615425825119
5615,0.31629371643066406
5616,0.7768920660018921
5617,0.4319860637187958
5618,0.5212817192077637
5619,0.6334324479103088
5620,0.6559361219406128
5621,0.5234680771827698
5622,0.5572654008865356
5623,0.8331889510154724
5624,0.29958072304725647
5625,0.38589826226234436
5626,0.27246344089508057
5627,0.8884609937667847
5628,0.48438581824302673
5629,0.653784453868866
5630,0.41054481267929077
5631,0.5955184698104858
5632,0.5223008394241333
5633,0.20304767787456512
5634,0.4192291796207428
5635,0.5620478391647339
5636,0.8739222288131714
5637,0.4933978319168091
5638,0.6251765489578247
5639,0.353950172662735
5640,0.5054145455360413
5641,0.24937565624713898
5642,0.7190876007080078
5643,0.7434719800949097
5644,0.6307095289230347
5645,0.19032523036003113
5646,0.41987156867980957
5647,0.4824189841747284
5648,0.396724134683609
5649,0.20293937623500824
5650,0.8702739477157593
5651,0.4189086854457855
5652,0.3610403537750244
5653,0.8799421191215515
5654,0.835692286491394
5655,0.31902915239334106
5656,0.4047110676765442
5657,0.5461905002593994
5658,0.3813311457633972
5659,0.8566855192184448
5660,0.4009157419204712
5661,0.4361572563648224
5662,0.7343294620513916
5663,0.2245197594165802
5664,0.4108045697212219
5665,0.446157842874527
5666,0.6935874819755554
5667,0.37249529361724854
5668,0.5889297127723694
5669,0.488703191280365
5670,0.4661821126937866
5671,0.7592915296554565
5672,0.8626890182495117
5673,0.20947349071502686
5674,0.23600460588932037
5675,0.6350005269050598
5676,0.5291321873664856
5677,0.35483065247535706
5678,0.44922131299972534
5679,0.4641624689102173
5680,0.27123531699180603
5681,0.43039122223854065
5682,0.5852957367897034
5683,0.38507458567619324
5684,0.39068636298179626
5685,0.23676182329654694
5686,0.28023532032966614
5687,0.2215149998664856
5688,0.3676062226295471
5689,0.2770620584487915
5690,0.5595061182975769
5691,0.23673895001411438
5692,0.41193193197250366
5693,0.355737566947937
5694,0.3168802559375763
5695,0.8881328105926514
5696,0.6747679114341736
5697,0.29317548871040344
5698,0.4105738401412964
5699,0.22100730240345
5700,0.26197901368141174
5701,0.3479798436164856
5702,0.8911852240562439
5703,0.29825592041015625
5704,0.20595456659793854
5705,0.31511980295181274
5706,0.5960345268249512
5707,0.44571349024772644
5708,0.18818676471710205
5709,0.3099463880062103
5710,0.39702561497688293
5711,0.2106739580631256
5712,0.30403998494148254
5713,0.35340097546577454
5714,0.253094345331192
5715,0.2901766300201416
5716,0.26026439666748047
5717,0.370395690202713
5718,0.3826286494731903
5719,0.2547767162322998
5720,0.40583571791648865
5721,0.4556155800819397
5722,0.20523768663406372
5723,0.2537962794303894
5724,0.21826116740703583
5725,0.6619508266448975
5726,0.3111470639705658
5727,0.3666272759437561
5728,0.21362417936325073
5729,0.6001596450805664
5730,0.5218448638916016
5731,0.2360212802886963
5732,0.3152260482311249
5733,0.22836951911449432
5734,0.7907226085662842
5735,0.23832198977470398
5736,0.2130090296268463
5737,0.25339505076408386
5738,0.40683379769325256
5739,0.42337238788604736
5740,0.1788533478975296
5741,0.20098111033439636
5742,0.2073661834001541
5743,0.3665425479412079
5744,0.3495815694332123
5745,0.2559850811958313
5746,0.3433499336242676
5747,0.1940041482448578
5748,0.34792596101760864
5749,0.4300415813922882
5750,0.5672178268432617
5751,0.5819618105888367
5752,0.19205288589000702
5753,0.48973676562309265
5754,0.390405535697937
5755,0.39210429787635803
5756,0.7460684180259705
5757,0.2847081422805786
5758,0.3336490988731384
5759,0.15026520192623138
5760,0.13747695088386536
5761,0.37851202487945557
5762,0.15935631096363068
5763,0.2792149782180786
5764,0.4949607253074646
5765,0.4475032687187195
5766,0.24716739356517792
5767,0.42824816703796387
5768,0.32873237133026123
5769,0.24970881640911102
5770,0.35587596893310547
5771,0.3105425238609314
5772,0.2971339821815491
5773,0.27514249086380005
5774,0.19623535871505737
5775,0.2514441907405853
5776,0.22039806842803955
5777,0.6048714518547058
5778,0.3693959712982178
5779,0.1946997344493866
5780,0.7963831424713135
5781,0.17646080255508423
5782,0.6887237429618835
5783,0.4111792743206024
5784,0.7951616048812866
5785,0.8161526322364807
5786,0.21226419508457184
5787,0.32419368624687195
5788,0.47738513350486755
5789,0.8882205486297607
5790,0.5171493291854858
5791,0.5565112829208374
5792,0.20582902431488037
5793,0.4192294776439667
5794,0.2019544392824173
5795,0.6632654070854187
5796,0.25864171981811523
5797,0.4708070158958435
5798,0.46442222595214844
5799,0.9044503569602966
5800,0.5193986892700195
5801,0.24972909688949585
5802,0.44566935300827026
5803,0.3250884413719177
5804,0.12195560336112976
5805,0.18077093362808228
5806,0.18832077085971832
5807,0.1820131093263626
5808,0.2799948751926422
5809,0.5111393928527832
5810,0.4181727468967438
5811,0.3020029664039612
5812,0.28758880496025085
5813,0.448251873254776
5814,0.6559846997261047
5815,0.8456162810325623
5816,0.2155570089817047
5817,0.4376196265220642
5818,0.8732609748840332
5819,0.6407458782196045
5820,0.3394077718257904
5821,0.29520922899246216
5822,0.7478569149971008
5823,0.3008222281932831
5824,0.13710150122642517
5825,0.8740655183792114
5826,0.19249606132507324
5827,0.5663276314735413
5828,0.326984703540802
5829,0.7499480843544006
5830,0.6048575043678284
5831,0.18240249156951904
5832,0.4131682217121124
5833,0.2981345057487488
5834,0.5201632380485535
5835,0.29366645216941833
5836,0.36820751428604126
5837,0.5117355585098267
5838,0.46114420890808105
5839,0.5302216410636902
5840,0.1692846715450287
5841,0.861602783203125
5842,0.22334861755371094
5843,0.6805514693260193
5844,0.561448335647583
5845,0.38068607449531555
5846,0.2133767455816269
5847,0.21193771064281464
5848,0.4281047582626343
5849,0.48895078897476196
5850,0.11382485926151276
5851,0.1798480749130249
5852,0.1708233505487442
5853,0.458173006772995
5854,0.6724061965942383
5855,0.5063040852546692
5856,0.45302289724349976
5857,0.2311704009771347
5858,0.5246315002441406
5859,0.3734377324581146
5860,0.18655925989151
5861,0.19028756022453308
5862,0.21533218026161194
5863,0.6192547678947449
5864,0.32703307271003723
5865,0.4756779968738556
5866,0.41572004556655884
5867,0.28541985154151917
5868,0.38259628415107727
5869,0.2152242809534073
5870,0.34109050035476685
5871,0.2190995216369629
5872,0.6807920336723328
5873,0.5020107626914978
5874,0.2425738126039505
5875,0.4643705487251282
5876,0.22004838287830353
5877,0.2814728021621704
5878,0.8918525576591492
5879,0.2078726589679718
5880,0.19819629192352295
5881,0.45210692286491394
5882,0.37122517824172974
5883,0.5498799085617065
5884,0.2193254679441452
5885,0.2304907590150833
5886,0.29125285148620605
5887,0.17906370759010315
5888,0.4056931436061859
5889,0.5970900058746338
5890,0.6864326596260071
5891,0.5205392837524414
5892,0.4889530837535858
5893,0.23822219669818878
5894,0.2906734347343445
5895,0.22422794997692108
5896,0.3039245903491974
5897,0.4065046012401581
5898,0.8792721629142761
5899,0.19783368706703186
5900,0.19001954793930054
5901,0.1525946706533432
5902,0.42009416222572327
5903,0.18700352311134338
5904,0.8932603597640991
5905,0.47062060236930847
5906,0.10957703739404678
5907,0.14335961639881134
5908,0.3299330174922943
5909,0.18980492651462555
5910,0.2785812318325043
5911,0.4145248234272003
5912,0.8685365915298462
5913,0.29758137464523315
5914,0.8001865744590759
5915,0.20400191843509674
5916,0.2541533410549164
5917,0.19195044040679932
5918,0.2375246286392212
5919,0.3590770363807678
5920,0.2898988127708435
5921,0.4112238883972168
5922,0.1929081529378891
5923,0.5489972233772278
5924,0.22420795261859894
5925,0.21449215710163116
5926,0.18138359487056732
5927,0.5408926010131836
5928,0.28755509853363037
5929,0.4953264594078064
5930,0.42742252349853516
5931,0.25954198837280273
5932,0.3772895336151123
5933,0.5716785192489624
5934,0.406832754611969
5935,0.6042413711547852
5936,0.16705548763275146
5937,0.19327010214328766
5938,0.39429882168769836
5939,0.34108418226242065
5940,0.3525661528110504
5941,0.3046490252017975
5942,0.643150806427002
5943,0.1954433023929596
5944,0.4693274199962616
5945,0.23332639038562775
5946,0.18537339568138123
5947,0.5998672842979431
5948,0.26867756247520447
5949,0.18913264572620392
5950,0.2326522171497345
5951,0.8882343769073486
5952,0.1888836771249771
5953,0.3081299066543579
5954,0.16302208602428436
5955,0.3991585969924927
5956,0.2603398859500885
5957,0.20666217803955078
5958,0.31934213638305664
5959,0.20730355381965637
5960,0.32073599100112915
5961,0.8721458911895752
5962,0.48532187938690186
5963,0.29979366064071655
5964,0.2708134353160858
5965,0.18268297612667084
5966,0.27322614192962646
5967,0.519427478313446
5968,0.25171005725860596
5969,0.47902897000312805
5970,0.5708407163619995
5971,0.4288560450077057
5972,0.09525468200445175
5973,0.1793852150440216
5974,0.15589658915996552
5975,0.2981158196926117
5976,0.22396960854530334
5977,0.23900094628334045
5978,0.48985567688941956
5979,0.12427137047052383
5980,0.6212746500968933
5981,0.5338143706321716
5982,0.8796169757843018
5983,0.4994955360889435
5984,0.33994537591934204
5985,0.4246255159378052
5986,0.3561469316482544
5987,0.23615294694900513
5988,0.2564122974872589
5989,0.20336191356182098
5990,0.30532264709472656
5991,0.20050795376300812
5992,0.3269578516483307
5993,0.6889485120773315
5994,0.1997378021478653
5995,0.5017490386962891
5996,0.6767883896827698
5997,0.874876856803894
5998,0.22632694244384766
5999,0.0944647341966629
6000,0.212300643324852
6001,0.3068394064903259
6002,0.4448290169239044
6003,0.3020283579826355
6004,0.796079158782959
6005,0.40808334946632385
6006,0.7135046124458313
6007,0.6255831122398376
6008,0.19510012865066528
6009,0.19210492074489594
6010,0.109870545566082
6011,0.27591702342033386
6012,0.20702460408210754
6013,0.2672697901725769
6014,0.2875020503997803
6015,0.2725028097629547
6016,0.1877928227186203
6017,0.6691497564315796
6018,0.5009679794311523
6019,0.3418857753276825
6020,0.7400285005569458
6021,0.5745441913604736
6022,0.48307114839553833
6023,0.5009508728981018
6024,0.2113453447818756
6025,0.6468465924263
6026,0.1926221251487732
6027,0.3839459717273712
6028,0.20895418524742126
6029,0.24216888844966888
6030,0.29943302273750305
6031,0.22778834402561188
6032,0.1359994262456894
6033,0.31632405519485474
6034,0.2077912539243698
6035,0.31928861141204834
6036,0.3734557032585144
6037,0.1097428947687149
6038,0.17367909848690033
6039,0.42314714193344116
6040,0.3863861858844757
6041,0.23542684316635132
6042,0.4406808614730835
6043,0.4411572217941284
6044,0.2200741320848465
6045,0.5429816246032715
6046,0.5437886118888855
6047,0.7211443781852722
6048,0.39030468463897705
6049,0.3634989857673645
6050,0.16585488617420197
6051,0.20929008722305298
6052,0.26662275195121765
6053,0.2689312696456909
6054,0.19490818679332733
6055,0.4327891767024994
6056,0.31763699650764465
6057,0.36018499732017517
6058,0.4489658772945404
6059,0.32523608207702637
6060,0.09176091104745865
6061,0.25977784395217896
6062,0.1878151297569275
6063,0.3996175229549408
6064,0.08880437165498734
6065,0.18310385942459106
6066,0.37772414088249207
6067,0.3459055423736572
6068,0.4466317594051361
6069,0.13876919448375702
6070,0.17065463960170746
6071,0.4073876142501831
6072,0.2986529469490051
6073,0.1812022179365158
6074,0.6846715807914734
6075,0.3980320394039154
6076,0.23092913627624512
6077,0.3628369867801666
6078,0.4606517255306244
6079,0.176152303814888
6080,0.20008979737758636
6081,0.7259014248847961
6082,0.39164331555366516
6083,0.19860222935676575
6084,0.004911351483315229
6085,0.3693389594554901
6086,0.13669945299625397
6087,0.6050453782081604
6088,0.18912245333194733
6089,0.32297083735466003
6090,0.16743482649326324
6091,0.18026292324066162
6092,0.19827669858932495
6093,0.18831662833690643
6094,0.4824415147304535
6095,0.44425562024116516
6096,0.18908819556236267
6097,0.5995935797691345
6098,0.32941222190856934
6099,0.3548596203327179
6100,0.29549598693847656
6101,0.39202576875686646
6102,0.8508540391921997
6103,0.32850903272628784
6104,0.3192940056324005
6105,0.6513141393661499
6106,0.4284150302410126
6107,0.11713815480470657
6108,0.29270827770233154
6109,0.7281870245933533
6110,0.5163891315460205
6111,0.45300939679145813
6112,0.23269809782505035
6113,0.1491512805223465
6114,0.436371386051178
6115,0.450051873922348
6116,0.18545174598693848
6117,0.573958694934845
6118,0.18160930275917053
6119,0.43394455313682556
6120,0.1836894154548645
6121,0.3703562021255493
6122,0.816138505935669
6123,0.26857873797416687
6124,0.16503897309303284
6125,0.13551652431488037
6126,0.17028450965881348
6127,0.15993422269821167
6128,0.20513972640037537
6129,0.4131147861480713
6130,0.5392947793006897
6131,0.22190992534160614
6132,0.19194111227989197
6133,0.27974918484687805
6134,0.1937161684036255
6135,0.10453234612941742
6136,0.16909632086753845
6137,0.3512187898159027
6138,0.6231425404548645
6139,0.37554866075515747
6140,0.2739810049533844
6141,0.19524550437927246
6142,0.14897096157073975
6143,0.24680137634277344
6144,0.5498632192611694
6145,0.23579488694667816
6146,0.4790343940258026
6147,0.1793953776359558
6148,0.16870950162410736
6149,0.6995913982391357
6150,0.19201770424842834
6151,0.414029061794281
6152,0.3242018520832062
6153,0.2641536295413971
6154,0.20889998972415924
6155,0.29645711183547974
6156,0.22027258574962616
6157,0.13113519549369812
6158,0.21342773735523224
6159,0.21751417219638824
6160,0.3185659646987915
6161,0.3318344056606293
6162,0.3119659125804901
6163,0.30400097370147705
6164,0.1797657161951065
6165,0.20772725343704224
6166,0.5561704635620117
6167,0.19847869873046875
6168,0.37514740228652954
6169,0.26133236289024353
6170,0.3573378622531891
6171,0.19414259493350983
6172,0.5794394016265869
6173,0.2617640197277069
6174,0.11568847298622131
6175,0.3641747534275055
6176,0.2582245469093323
6177,0.18117740750312805
6178,0.23402240872383118
6179,0.27254390716552734
6180,0.1088801696896553
6181,0.2376406043767929
6182,0.688742458820343
6183,0.1865103840827942
6184,0.150355264544487
6185,0.14035043120384216
6186,0.25271889567375183
6187,0.5967372059822083
6188,0.17768678069114685
6189,0.17484894394874573
6190,0.1311403512954712
6191,0.25944289565086365
6192,0.07309761643409729
6193,0.22462555766105652
6194,0.3009053170681
6195,0.4206846356391907
6196,0.11835822463035583
6197,0.21642151474952698
6198,0.25264015793800354
6199,0.4689135253429413
6200,0.16855521500110626
6201,0.6067465543746948
6202,0.4292660057544708
6203,0.28065624833106995
6204,0.23617829382419586
6205,0.6080227494239807
6206,0.7285974025726318
6207,0.17538996040821075
6208,0.0869702398777008
6209,0.18993301689624786
6210,0.17425914108753204
6211,0.28670382499694824
6212,0.1279086172580719
6213,0.20543983578681946
6214,0.4525415599346161
6215,0.27583879232406616
6216,0.536835789680481
6217,0.3624170422554016
6218,0.2600252032279968
6219,0.8112112283706665
6220,0.1070287749171257
6221,0.2425190508365631
6222,0.25404641032218933
6223,0.32457223534584045
6224,0.21886256337165833
6225,0.19989290833473206
6226,0.88217693567276
6227,0.2656427025794983
6228,0.3830094337463379
6229,0.2964211404323578
6230,0.8956767916679382
6231,0.2632826268672943
6232,0.23267562687397003
6233,0.6440797448158264
6234,0.46787506341934204
6235,0.10280303657054901
6236,0.7677083611488342
6237,0.3810286521911621
6238,0.23007479310035706
6239,0.07321637123823166
6240,0.15909849107265472
6241,0.2781899869441986
6242,0.26879289746284485
6243,0.24420380592346191
6244,0.385452538728714
6245,0.32340288162231445
6246,0.3717760741710663
6247,0.23800024390220642
6248,0.20038852095603943
6249,0.2171647995710373
6250,0.2392946034669876
6251,0.12064030766487122
6252,0.20131860673427582
6253,0.22409865260124207
6254,0.1176409050822258
6255,0.28603583574295044
6256,0.31798505783081055
6257,0.4973337650299072
6258,0.1014341339468956
6259,0.43462643027305603
6260,0.18611904978752136
6261,0.11110086739063263
6262,0.237626314163208
6263,0.262275755405426
6264,0.16215598583221436
6265,0.28679996728897095
6266,0.211076557636261
6267,0.4614211618900299
6268,0.13609060645103455
6269,0.20249342918395996
6270,0.12438883632421494
6271,0.20956844091415405
6272,0.1730165034532547
6273,0.19141830503940582
6274,0.2274346798658371
6275,0.3751451075077057
6276,0.2360634207725525
6277,0.18751977384090424
6278,0.18290850520133972
6279,0.3889203369617462
6280,0.8570399284362793
6281,0.2210405021905899
6282,0.36303508281707764
6283,0.2265007197856903
6284,0.36305439472198486
6285,0.23454549908638
6286,0.2648271918296814
6287,0.6028955578804016
6288,0.12077174335718155
6289,0.16894295811653137
6290,0.5085349082946777
6291,0.5119040608406067
6292,0.28530681133270264
6293,0.4012583792209625
6294,0.10843125730752945
6295,0.8051106333732605
6296,0.19004009664058685
6297,0.09363950788974762
6298,0.27515092492103577
6299,0.22346661984920502
6300,0.1709946095943451
6301,0.26953744888305664
6302,0.40426698327064514
6303,0.2827438414096832
6304,0.33216360211372375
6305,0.41744884848594666
6306,0.1422240138053894
6307,0.18860578536987305
6308,0.24716883897781372
6309,0.29900527000427246
6310,0.23873686790466309
6311,0.3674564063549042
6312,0.20033805072307587
6313,0.14624258875846863
6314,0.2939903438091278
6315,0.2911575436592102
6316,0.4192129075527191
6317,0.2179647535085678
6318,0.752519428730011
6319,0.2441888004541397
6320,0.3352733850479126
6321,0.1805250197649002
6322,0.10667727887630463
6323,0.5511454343795776
6324,0.23888404667377472
6325,0.4004203975200653
6326,0.18179738521575928
6327,0.3655935227870941
6328,0.2108435332775116
6329,0.1980077475309372
6330,0.3505652844905853
6331,0.37381187081336975
6332,0.21548186242580414
6333,0.3026811480522156
6334,0.2911269962787628
6335,0.25213879346847534
6336,0.6482772827148438
6337,0.2981819212436676
6338,0.5353972911834717
6339,0.1871906816959381
6340,0.2765248417854309
6341,0.18719416856765747
6342,0.3652721047401428
6343,0.4113088548183441
6344,0.2578057646751404
6345,0.39284175634384155
6346,0.35940927267074585
6347,0.38494011759757996
6348,0.17187584936618805
6349,0.34931480884552
6350,0.19117069244384766
6351,0.3692471385002136
6352,0.0828692838549614
6353,0.10666869580745697
6354,0.15568643808364868
6355,0.18060912191867828
6356,0.14559929072856903
6357,0.18122538924217224
6358,0.10272917151451111
6359,0.19754089415073395
6360,0.266910582780838
6361,0.19925422966480255
6362,0.8064804673194885
6363,0.18497152626514435
6364,0.3435673713684082
6365,0.12324275821447372
6366,0.44087037444114685
6367,0.6517694592475891
6368,0.24467015266418457
6369,0.37033167481422424
6370,0.08598476648330688
6371,0.8622101545333862
6372,0.2911587655544281
6373,0.24910207092761993
6374,0.195438951253891
6375,0.21291454136371613
6376,0.27965182065963745
6377,0.24051861464977264
6378,0.34855031967163086
6379,0.1699044108390808
6380,0.26646241545677185
6381,0.21201889216899872
6382,0.0836358442902565
6383,0.15383975207805634
6384,0.27660834789276123
6385,0.38269951939582825
6386,0.11804515868425369
6387,0.4249441921710968
6388,0.2879367172718048
6389,0.4140164852142334
6390,0.15816202759742737
6391,0.3537631034851074
6392,0.09103740006685257
6393,0.17788009345531464
6394,0.1514987200498581
6395,0.25629231333732605
6396,0.29516205191612244
6397,0.8372668027877808
6398,0.4511803090572357
6399,0.30692803859710693
6400,0.20682592689990997
6401,0.5373069643974304
6402,0.3476616442203522
6403,0.1772662252187729
6404,0.3564216196537018
6405,0.3800604045391083
6406,0.16623766720294952
6407,0.2833891808986664
6408,0.32028913497924805
6409,0.5522891283035278
6410,0.2193056046962738
6411,0.17306013405323029
6412,0.15769639611244202
6413,0.40792158246040344
6414,0.19653981924057007
6415,0.5124581456184387
6416,0.22297868132591248
6417,0.15461254119873047
6418,0.11331696063280106
6419,0.4282839596271515
6420,0.21027910709381104
6421,0.1558723747730255
6422,0.21077510714530945
6423,0.2624524235725403
6424,0.22674283385276794
6425,0.5308651924133301
6426,0.17530246078968048
6427,0.3121098577976227
6428,0.45506444573402405
6429,0.2714560329914093
6430,0.20388159155845642
6431,0.48981666564941406
6432,0.0748388022184372
6433,0.5476584434509277
6434,0.09247700870037079
6435,0.3101612627506256
6436,0.1470467746257782
6437,0.1900184005498886
6438,0.193838432431221
6439,0.15928292274475098
6440,0.2791605591773987
6441,0.22673192620277405
6442,0.38388267159461975
6443,0.5407079458236694
6444,0.2858738303184509
6445,0.1876099407672882
6446,0.23183484375476837
6447,0.5250268578529358
6448,0.4472658634185791
6449,0.09972355514764786
6450,0.12744398415088654
6451,0.12368916720151901
6452,0.2319733202457428
6453,0.07454725354909897
6454,0.5398486852645874
6455,0.3117152750492096
6456,0.865944504737854
6457,0.08378566801548004
6458,0.09444372355937958
6459,0.09239313751459122
6460,0.19247490167617798
6461,0.3022085428237915
6462,0.43747931718826294
6463,0.13380558788776398
6464,0.4094979465007782
6465,0.3377285301685333
6466,0.33219921588897705
6467,0.22382967174053192
6468,0.09873005002737045
6469,0.08120491355657578
6470,0.2550157308578491
6471,0.19270703196525574
6472,0.27865198254585266
6473,0.18655788898468018
6474,0.21117377281188965
6475,0.11559896171092987
6476,0.24854758381843567
6477,0.11401425302028656
6478,0.26190686225891113
6479,0.3148989975452423
6480,0.08863058686256409
6481,0.2597331702709198
6482,0.26860561966896057
6483,0.15384790301322937
6484,0.1914157122373581
6485,0.20092254877090454
6486,0.45788079500198364
6487,0.4050194025039673
6488,0.07956752181053162
6489,0.3153694272041321
6490,0.5741754770278931
6491,0.10672302544116974
6492,0.13784271478652954
6493,0.2669230103492737
6494,0.23220764100551605
6495,0.8629643321037292
6496,0.2450033724308014
6497,0.47921255230903625
6498,0.14521385729312897
6499,0.076887346804142
6500,0.658024787902832
6501,0.19442243874073029
6502,0.48659461736679077
6503,0.09104470908641815
6504,0.08188841491937637
6505,0.14095023274421692
6506,0.23929181694984436
6507,0.4348602890968323
6508,0.6464157104492188
6509,0.15186288952827454
6510,0.12844254076480865
6511,0.25028520822525024
6512,0.21361085772514343
6513,0.3002401292324066
6514,0.18690869212150574
6515,0.24865679442882538
6516,0.15221169590950012
6517,0.15274302661418915
6518,0.17398954927921295
6519,0.8617660403251648
6520,0.15190239250659943
6521,0.17107170820236206
6522,0.26141566038131714
6523,0.7394483685493469
6524,0.23830287158489227
6525,0.2302577793598175
6526,0.3863552212715149
6527,0.10599418729543686
6528,0.1991623491048813
6529,0.09797345846891403
6530,0.12214918434619904
6531,0.6499036550521851
6532,0.1054774597287178
6533,0.23542486131191254
6534,0.17039601504802704
6535,0.18031035363674164
6536,0.12429024279117584
6537,0.32793647050857544
6538,0.3676975667476654
6539,0.20738284289836884
6540,0.11019071936607361
6541,0.11059687286615372
6542,0.17191487550735474
6543,0.17774103581905365
6544,0.1974610984325409
6545,0.0759367048740387
6546,0.18548177182674408
6547,0.13346420228481293
6548,0.21513156592845917
6549,0.24599920213222504
6550,0.44780048727989197
6551,0.08505869656801224
6552,0.10556177794933319
6553,0.39642229676246643
6554,0.3163069784641266
6555,0.3409176766872406
6556,0.251019686460495
6557,0.12593069672584534
6558,0.1378379911184311
6559,0.13086502254009247
6560,0.364672988653183
6561,0.627298891544342
6562,0.43445947766304016
6563,0.2835310399532318
6564,0.2809562683105469
6565,0.20286890864372253
6566,0.5355221033096313
6567,0.11740640550851822
6568,0.21318523585796356
6569,0.5564838647842407
6570,0.18499478697776794
6571,0.21660850942134857
6572,0.239083930850029
6573,0.18537449836730957
6574,0.2684444189071655
6575,0.28301137685775757
6576,0.08884496986865997
6577,0.24894794821739197
6578,0.419481486082077
6579,0.10991454869508743
6580,0.2137468010187149
6581,0.250725120306015
6582,0.08555396646261215
6583,0.17429760098457336
6584,0.23003163933753967
6585,0.6433207392692566
6586,0.13940711319446564
6587,0.22651192545890808
6588,0.1007443219423294
6589,0.14526888728141785
6590,0.36988839507102966
6591,0.20375865697860718
6592,0.2510242164134979
6593,0.8701658248901367
6594,0.20527158677577972
6595,0.1911276876926422
6596,0.1897863745689392
6597,0.09452366828918457
6598,0.34128549695014954
6599,0.19750168919563293
6600,0.3098260164260864
6601,0.22478002309799194
6602,0.22356998920440674
6603,0.10203118622303009
6604,0.10941749811172485
6605,0.25271522998809814
6606,0.3010319173336029
6607,0.3214368224143982
6608,0.3939240872859955
6609,0.2513120770454407
6610,0.1171116977930069
6611,0.23466365039348602
6612,0.25649964809417725
6613,0.6153967380523682
6614,0.3514210283756256
6615,0.10178445279598236
6616,0.21448290348052979
6617,0.12602919340133667
6618,0.20806437730789185
6619,0.31353169679641724
6620,0.8231750130653381
6621,0.20105469226837158
6622,0.20015943050384521
6623,0.13766984641551971
6624,0.1038692444562912
6625,0.18656593561172485
6626,0.23396746814250946
6627,0.1519407480955124
6628,0.18967638909816742
6629,0.32173675298690796
6630,0.21123652160167694
6631,0.2888330817222595
6632,0.15507014095783234
6633,0.2217540442943573
6634,0.35451123118400574
6635,0.21110966801643372
6636,0.26411837339401245
6637,0.35041335225105286
6638,0.17479673027992249
6639,0.21769869327545166
6640,0.2081255316734314
6641,0.09285832941532135
6642,0.4201933741569519
6643,0.3053557872772217
6644,0.7329508662223816
6645,0.08495472371578217
6646,0.6137428879737854
6647,0.3096477687358856
6648,0.39886850118637085
6649,0.1438324898481369
6650,0.1472390592098236
6651,0.16481004655361176
6652,0.19705036282539368
6653,0.5783188343048096
6654,0.07607301324605942
6655,0.14681695401668549
6656,0.34004825353622437
6657,0.2091834396123886
6658,0.4140784740447998
6659,0.17046554386615753
6660,0.12644124031066895
6661,0.19564902782440186
6662,0.4313147962093353
6663,0.25391629338264465
6664,0.16382816433906555
6665,0.1742965281009674
6666,0.14398524165153503
6667,0.16930189728736877
6668,0.4385327100753784
6669,0.14567266404628754
6670,0.15153686702251434
6671,0.4593445956707001
6672,0.22492219507694244
6673,0.12156323343515396
6674,0.12490268051624298
6675,0.10333304852247238
6676,0.12896905839443207
6677,0.2021118700504303
6678,0.22924624383449554
6679,0.2161988765001297
6680,0.2639201581478119
6681,0.22528451681137085
6682,0.14921127259731293
6683,0.19463276863098145
6684,0.2231922596693039
6685,0.21225659549236298
6686,0.11024351418018341
6687,0.6970738768577576
6688,0.0759182721376419
6689,0.20027032494544983
6690,0.4394213557243347
6691,0.0842311680316925
6692,0.24817104637622833
6693,0.9204624891281128
6694,0.11468473076820374
6695,0.3257642090320587
6696,0.1448485404253006
6697,0.2688194513320923
6698,0.09768029302358627
6699,0.08322028070688248
6700,0.1418938785791397
6701,0.19418370723724365
6702,0.6514740586280823
6703,0.17333093285560608
6704,0.09970463812351227
6705,0.21715883910655975
6706,0.17149393260478973
6707,0.2453189194202423
6708,0.08581554889678955
6709,0.0876714438199997
6710,0.1312684416770935
6711,0.5971656441688538
6712,0.37645867466926575
6713,0.13537481427192688
6714,0.6043927669525146
6715,0.12159384787082672
6716,0.1816323697566986
6717,0.18979737162590027
6718,0.22584782540798187
6719,0.27637460827827454
6720,0.15695501863956451
6721,0.09985426068305969
6722,0.2686358392238617
6723,0.1590808928012848
6724,0.1405515968799591
6725,0.2522962689399719
6726,0.20722508430480957
6727,0.11903616786003113
6728,0.1272558867931366
6729,0.28898826241493225
6730,0.6153811812400818
6731,0.2604142129421234
6732,0.5061951279640198
6733,0.35329633951187134
6734,0.15891991555690765
6735,0.2980530261993408
6736,0.09169651567935944
6737,0.10644251108169556
6738,0.18759404122829437
6739,0.48706841468811035
6740,0.3264275789260864
6741,0.19927123188972473
6742,0.30711859464645386
6743,0.17798061668872833
6744,0.5397462248802185
6745,0.08628775924444199
6746,0.07620859146118164
6747,0.14444415271282196
6748,0.0888904556632042
6749,0.7028711438179016
6750,0.21516311168670654
6751,0.294562429189682
6752,0.3708014488220215
6753,0.09537248313426971
6754,0.19118739664554596
6755,0.12323057651519775
6756,0.4581875801086426
6757,0.30145710706710815
6758,0.08228586614131927
6759,0.38176459074020386
6760,0.13774678111076355
6761,0.34172651171684265
6762,0.28499212861061096
6763,0.09540422260761261
6764,0.10176742821931839
6765,0.18400737643241882
6766,0.12736839056015015
6767,0.16141588985919952
6768,0.37691453099250793
6769,0.10053541511297226
6770,0.1874546855688095
6771,0.07837209850549698
6772,0.2814253568649292
6773,0.14635905623435974
6774,0.12583684921264648
6775,0.13499543070793152
6776,0.2917470335960388
6777,0.19445212185382843
6778,0.08391644060611725
6779,0.20862090587615967
6780,0.21423088014125824
6781,0.31083014607429504
6782,0.2087991088628769
6783,0.20916159451007843
6784,0.08853694051504135
6785,0.08333540707826614
6786,0.10540957003831863
6787,0.2647789716720581
6788,0.14914387464523315
6789,0.26980718970298767
6790,0.2593995928764343
6791,0.11062981933355331
6792,0.2033894658088684
6793,0.1331622451543808
6794,0.2939777374267578
6795,0.25797784328460693
6796,0.10751466453075409
6797,0.18412403762340546
6798,0.238588348031044
6799,0.23258520662784576
6800,0.23972508311271667
6801,0.08025577664375305
6802,0.08609680831432343
6803,0.15371617674827576
6804,0.10296638309955597
6805,0.46701961755752563
6806,0.14504104852676392
6807,0.2022528052330017
6808,0.2827344238758087
6809,0.1751551479101181
6810,0.08445451408624649
6811,0.2360694706439972
6812,0.20400398969650269
6813,0.0877557322382927
6814,0.1848505586385727
6815,0.07582293450832367
6816,0.233866348862648
6817,0.4613429307937622
6818,0.13469205796718597
6819,0.8973046541213989
6820,0.2863740921020508
6821,0.09660859405994415
6822,0.1921968013048172
6823,0.21397973597049713
6824,0.09735406190156937
6825,0.08007887750864029
6826,0.38239315152168274
6827,0.1365855187177658
6828,0.23915621638298035
6829,0.07587489485740662
6830,0.1733565330505371
6831,0.2257320135831833
6832,0.10112030804157257
6833,0.4980541169643402
6834,0.15583187341690063
6835,0.21618862450122833
6836,0.2512725293636322
6837,0.15042483806610107
6838,0.14486214518547058
6839,0.28025728464126587
6840,0.09349678456783295
6841,0.1821366846561432
6842,0.2193593829870224
6843,0.10366450250148773
6844,0.15656939148902893
6845,0.19197478890419006
6846,0.13472183048725128
6847,0.23058919608592987
6848,0.07721428573131561
6849,0.37067991495132446
6850,0.1075582504272461
6851,0.24066324532032013
6852,0.48918837308883667
6853,0.19385312497615814
6854,0.33991265296936035
6855,0.18322736024856567
6856,0.10900459438562393
6857,0.22113826870918274
6858,0.1352977752685547
6859,0.12340331822633743
6860,0.10887174308300018
6861,0.07827090471982956
6862,0.11049730330705643
6863,0.08958287537097931
6864,0.5069565773010254
6865,0.13680969178676605
6866,0.3834555149078369
6867,0.652032196521759
6868,0.10962390154600143
6869,0.09389398247003555
6870,0.6705781817436218
6871,0.1619827002286911
6872,0.1816207468509674
6873,0.5838486552238464
6874,0.21865515410900116
6875,0.2939043641090393
6876,0.2907053828239441
6877,0.11710070073604584
6878,0.2608826458454132
6879,0.5169006586074829
6880,0.2317926585674286
6881,0.2152075171470642
6882,0.07583608478307724
6883,0.19285382330417633
6884,0.17892862856388092
6885,0.2243937849998474
6886,0.19964256882667542
6887,0.11073373258113861
6888,0.08533845096826553
6889,0.13209788501262665
6890,0.18051747977733612
6891,0.0821627750992775
6892,0.1097368374466896
6893,0.19727672636508942
6894,0.19411827623844147
6895,0.5166717767715454
6896,0.10615549236536026
6897,0.08570640534162521
6898,0.16838523745536804
6899,0.13748013973236084
6900,0.11428289860486984
6901,0.26978588104248047
6902,0.15101154148578644
6903,0.11201251298189163
6904,0.27436986565589905
6905,0.12824249267578125
6906,0.22557075321674347
6907,0.12693284451961517
6908,0.08879357576370239
6909,0.10537847876548767
6910,0.19121958315372467
6911,0.21549928188323975
6912,0.098744235932827
6913,0.18874818086624146
6914,0.14567893743515015
6915,0.3060542047023773
6916,0.08110524713993073
6917,0.07687416672706604
6918,0.12207769602537155
6919,0.19249312579631805
6920,0.14650970697402954
6921,0.2180062234401703
6922,0.21229220926761627
6923,0.10641403496265411
6924,0.13598890602588654
6925,0.14543516933918
6926,0.12621121108531952
6927,0.08110174536705017
6928,0.2864052355289459
6929,0.13700300455093384
6930,0.08277630060911179
6931,0.25986960530281067
6932,0.09186552464962006
6933,0.21337956190109253
6934,0.09751909226179123
6935,0.1556677371263504
6936,0.14156855642795563
6937,0.12582476437091827
6938,0.5250419974327087
6939,0.2152385264635086
6940,0.1068388819694519
6941,0.4734572768211365
6942,0.2647848129272461
6943,0.19706332683563232
6944,0.5254322290420532
6945,0.16934213042259216
6946,0.22222134470939636
6947,0.18937450647354126
6948,0.15089479088783264
6949,0.08024660497903824
6950,0.12713183462619781
6951,0.2598448395729065
6952,0.10884403437376022
6953,0.11862430721521378
6954,0.16920502483844757
6955,0.14913585782051086
6956,0.16284175217151642
6957,0.28095149993896484
6958,0.12140008807182312
6959,0.16697543859481812
6960,0.441659152507782
6961,0.17599210143089294
6962,0.1777627170085907
6963,0.21026331186294556
6964,0.10365287214517593
6965,0.9965773224830627
6966,0.21886073052883148
6967,0.08240867406129837
6968,0.23508161306381226
6969,0.2208428531885147
6970,0.09964949637651443
6971,0.07671710103750229
6972,0.3217572271823883
6973,0.10197468101978302
6974,0.15522754192352295
6975,0.07953377813100815
6976,0.07782786339521408
6977,0.20654313266277313
6978,0.08693964779376984
6979,0.07739439606666565
6980,0.09293372929096222
6981,0.07673094421625137
6982,0.1282624900341034
6983,0.1916745901107788
6984,0.1842307597398758
6985,0.07374550402164459
6986,0.22674521803855896
6987,0.12765073776245117
6988,0.11112099885940552
6989,0.0846351832151413
6990,0.40207523107528687
6991,0.3533934950828552
6992,0.07881804555654526
6993,0.11609972268342972
6994,0.14567242562770844
6995,0.12159675359725952
6996,0.08413102477788925
6997,0.10733162611722946
6998,0.07709165662527084
6999,0.1838218718767166
7000,0.11092207580804825
7001,0.10229038447141647
7002,0.08828996121883392
7003,0.279416561126709
7004,0.35790929198265076
7005,0.2084229290485382
7006,0.4406701624393463
7007,0.25426650047302246
7008,0.08694474399089813
7009,0.12493474036455154
7010,0.2147383987903595
7011,0.17680762708187103
7012,0.22807930409908295
7013,0.24759744107723236
7014,0.13837355375289917
7015,0.08624827116727829
7016,0.33303573727607727
7017,0.19709382951259613
7018,0.15216366946697235
7019,0.18764850497245789
7020,0.18408207595348358
7021,0.10900229215621948
7022,0.1817341446876526
7023,0.07601363211870193
7024,0.24068906903266907
7025,0.07594388723373413
7026,0.8983795046806335
7027,0.14319531619548798
7028,0.3912111520767212
7029,0.14187292754650116
7030,0.09742863476276398
7031,0.2864038050174713
7032,0.332853227853775
7033,0.07984033972024918
7034,0.14220231771469116
7035,0.08938892930746078
7036,0.08736851811408997
7037,0.09657703340053558
7038,0.2685777246952057
7039,0.24287939071655273
7040,0.13060669600963593
7041,0.09901981800794601
7042,0.25548163056373596
7043,0.12657800316810608
7044,0.20492079854011536
7045,0.33946600556373596
7046,0.2972394824028015
7047,0.18556174635887146
7048,0.07773482799530029
7049,0.10090837627649307
7050,0.2080591768026352
7051,0.27546608448028564
7052,0.07602261006832123
7053,0.19789278507232666
7054,0.07598714530467987
7055,0.2377016246318817
7056,0.320526123046875
7057,0.09564678370952606
7058,0.0829411968588829
7059,0.21967315673828125
7060,0.6102380156517029
7061,0.3956764340400696
7062,0.19555141031742096
7063,0.07717050611972809
7064,0.07611890882253647
7065,0.20736396312713623
7066,0.08768270164728165
7067,0.13300973176956177
7068,0.39262914657592773
7069,0.08092628419399261
7070,0.0758456140756607
7071,0.07781053334474564
7072,0.1497834175825119
7073,0.12050485610961914
7074,0.14516636729240417
7075,0.20948736369609833
7076,0.2572997510433197
7077,0.12417986243963242
7078,0.4297633767127991
7079,0.10671336948871613
7080,0.2970122694969177
7081,0.09498476982116699
7082,0.08107369393110275
7083,0.19807662069797516
7084,0.08015673607587814
7085,0.11453420668840408
7086,0.12922483682632446
7087,0.3693825900554657
7088,0.25357452034950256
7089,0.07578296214342117
7090,0.19298602640628815
7091,0.07540726661682129
7092,0.18694749474525452
7093,0.07597270607948303
7094,0.0758093073964119
7095,0.09420175850391388
7096,0.07656314224004745
7097,0.15830683708190918
7098,0.17043441534042358
7099,0.07685937732458115
7100,0.3736055791378021
7101,0.32831746339797974
7102,0.6005951762199402
7103,0.127473384141922
7104,0.0832701176404953
7105,0.08134610205888748
7106,0.07677298039197922
7107,0.12599840760231018
7108,0.087859146296978
7109,0.07937797904014587
7110,0.2304912656545639
7111,0.0866919681429863
7112,0.1879557967185974
7113,0.38394179940223694
7114,0.18465326726436615
7115,0.22909121215343475
7116,0.28726890683174133
7117,0.20735590159893036
7118,0.15497522056102753
7119,0.39605408906936646
7120,0.1459813117980957
7121,0.08188219368457794
7122,0.2766474783420563
7123,0.17253361642360687
7124,0.19050998985767365
7125,0.20804038643836975
7126,0.13595373928546906
7127,0.14759349822998047
7128,0.076253242790699
7129,0.25565457344055176
7130,0.20188862085342407
7131,0.20180842280387878
7132,0.12551364302635193
7133,0.08814005553722382
7134,0.07735779136419296
7135,0.24330323934555054
7136,0.05726267397403717
7137,0.10834895819425583
7138,0.4056450426578522
7139,0.07745049893856049
7140,0.14211153984069824
7141,0.10046004503965378
7142,0.07644317299127579
7143,0.09840201586484909
7144,0.09913251549005508
7145,0.2360871285200119
7146,0.0767848789691925
7147,0.08008872717618942
7148,0.08892280608415604
7149,0.20204423367977142
7150,0.46416202187538147
7151,0.10844802111387253
7152,0.1957325041294098
7153,0.18223731219768524
7154,0.09006250649690628
7155,0.15125223994255066
7156,0.14693249762058258
7157,0.21054747700691223
7158,0.08752940595149994
7159,0.07705654948949814
7160,0.2427355945110321
7161,0.24741828441619873
7162,0.6154535412788391
7163,0.49694108963012695
7164,0.15902943909168243
7165,0.21357479691505432
7166,0.07753277570009232
7167,0.0939527228474617
7168,0.4600704610347748
7169,0.2805522382259369
7170,0.08249886333942413
7171,0.16981229186058044
7172,0.11165329068899155
7173,0.28052589297294617
7174,0.4376427233219147
7175,0.10153597593307495
7176,0.09700258076190948
7177,0.18920345604419708
7178,0.10707180202007294
7179,0.22700108587741852
7180,0.171917125582695
7181,0.2977175712585449
7182,0.0761508122086525
7183,0.7164682745933533
7184,0.07678105682134628
7185,0.09182169288396835
7186,0.2753598392009735
7187,0.07716530561447144
7188,0.08206920325756073
7189,0.15423114597797394
7190,0.14559300243854523
7191,0.08033724129199982
7192,0.19723519682884216
7193,0.09052649885416031
7194,0.07706348598003387
7195,0.23523296415805817
7196,0.17992909252643585
7197,0.07881409674882889
7198,0.09162981808185577
7199,0.22455202043056488
7200,0.08348125964403152
7201,0.08799219876527786
7202,0.28204819560050964
7203,0.18919894099235535
7204,0.20483340322971344
7205,0.0970519483089447
7206,0.18404066562652588
7207,0.07580156624317169
7208,0.0771092027425766
7209,0.1803893893957138
7210,0.08037198334932327
7211,0.11442801356315613
7212,0.07591690123081207
7213,0.10249113291501999
7214,0.07489410042762756
7215,0.11151734739542007
7216,0.07880976796150208
7217,0.08701325953006744
7218,0.08044669777154922
7219,0.12077523022890091
7220,0.07687553763389587
7221,0.08497312664985657
7222,0.1248064637184143
7223,0.5091413259506226
7224,0.1885451078414917
7225,0.19854389131069183
7226,0.08159798383712769
7227,0.08984559029340744
7228,0.09819123893976212
7229,0.21785780787467957
7230,0.26302504539489746
7231,0.2564481496810913
7232,0.2526438236236572
7233,0.10356377065181732
7234,0.0972670465707779
7235,0.24337124824523926
7236,0.10794787853956223
7237,0.08085273951292038
7238,0.09624156355857849
7239,0.07700047641992569
7240,0.0765744149684906
7241,0.10685794800519943
7242,0.07447437196969986
7243,0.07701209932565689
7244,0.5222545266151428
7245,0.11976390331983566
7246,0.16000963747501373
7247,0.27261635661125183
7248,0.08844449371099472
7249,0.22457030415534973
7250,0.3122049570083618
7251,0.18146339058876038
7252,0.16228236258029938
7253,0.07658092677593231
7254,0.07322310656309128
7255,0.15092621743679047
7256,0.12097041308879852
7257,0.1812843680381775
7258,0.0934147834777832
7259,0.07709997147321701
7260,0.36479052901268005
7261,0.12622365355491638
7262,0.07897970080375671
7263,0.1975364238023758
7264,0.286782443523407
7265,0.10578493028879166
7266,0.19997364282608032
7267,0.21432283520698547
7268,0.175116166472435
7269,0.10789462924003601
7270,0.2030639350414276
7271,0.16203615069389343
7272,0.12913104891777039
7273,0.1030280664563179
7274,0.27148914337158203
7275,0.07804299145936966
7276,0.08641558885574341
7277,0.45808789134025574
7278,0.17931067943572998
7279,0.08390603959560394
7280,0.08398021012544632
7281,0.5495597124099731
7282,0.07797755300998688
7283,0.11107781529426575
7284,0.10012110322713852
7285,0.2797938585281372
7286,0.09759266674518585
7287,0.08497776091098785
7288,0.23196403682231903
7289,0.07586844265460968
7290,0.0801972970366478
7291,0.24535232782363892
7292,0.11774946004152298
7293,0.07646709680557251
7294,0.08101380616426468
7295,0.08663589507341385
7296,0.13444310426712036
7297,0.08169755339622498
7298,0.07581108063459396
7299,0.20300239324569702
7300,0.07681645452976227
7301,0.22550371289253235
7302,0.1038714051246643
7303,0.12059919536113739
7304,0.07837864756584167
7305,0.07586712390184402
7306,0.07707313448190689
7307,0.07666533440351486
7308,0.1440577507019043
7309,0.1151539757847786
7310,0.14759372174739838
7311,0.24335606396198273
7312,0.07673682272434235
7313,0.07781383395195007
7314,0.4176173508167267
7315,0.09033254534006119
7316,0.07872911542654037
7317,0.07594674825668335
7318,0.07716761529445648
7319,0.0758485347032547
7320,0.08214231580495834
7321,0.10778415203094482
7322,0.10312934964895248
7323,0.27914193272590637
7324,0.22052247822284698
7325,0.07631351798772812
7326,0.16160452365875244
7327,0.387215256690979
7328,0.07583020627498627
7329,0.16119439899921417
7330,0.306938499212265
7331,0.678497850894928
7332,0.07602235674858093
7333,0.07602009922266006
7334,0.077064149081707
7335,0.08320119976997375
7336,0.09096423536539078
7337,0.07669851183891296
7338,0.27368640899658203
7339,0.07719217240810394
7340,0.7168847322463989
7341,0.07705932855606079
7342,0.07605079561471939
7343,0.0788334459066391
7344,0.07849492132663727
7345,0.08020132035017014
7346,0.07568473368883133
7347,0.07712014019489288
7348,0.2743869721889496
7349,0.17244301736354828
7350,0.1635633409023285
7351,0.19202469289302826
7352,0.13595297932624817
7353,0.07627678662538528
7354,0.07597102969884872
7355,0.2170858234167099
7356,0.08210526406764984
7357,0.14505574107170105
7358,0.08346002548933029
7359,0.07611646503210068
7360,0.16490459442138672
7361,0.07679231464862823
7362,0.08359488844871521
7363,0.10773473978042603
7364,0.07657071202993393
7365,0.16908755898475647
7366,0.10125391185283661
7367,0.08019653707742691
7368,0.11131026595830917
7369,0.1732376366853714
7370,0.15053516626358032
7371,0.19744929671287537
7372,0.3810132145881653
7373,0.08393939584493637
7374,0.10943535715341568
7375,0.0767318457365036
7376,0.14061816036701202
7377,0.5624760389328003
7378,0.17033852636814117
7379,0.07600992918014526
7380,0.21318848431110382
7381,0.09097255766391754
7382,0.09166555851697922
7383,0.11456229537725449
7384,0.08152143657207489
7385,0.12685410678386688
7386,0.10687098652124405
7387,0.1920497715473175
7388,0.1493152379989624
7389,0.07904496788978577
7390,0.19751380383968353
7391,0.23913170397281647
7392,0.20807020366191864
7393,0.07712540030479431
7394,0.11570833623409271
7395,0.3091697692871094
7396,0.2745807468891144
7397,0.07674665749073029
7398,0.17584653198719025
7399,0.07435012608766556
7400,0.07645101845264435
7401,0.0764593854546547
7402,0.07579833269119263
7403,0.157529816031456
7404,0.07483755797147751
7405,0.07704088091850281
7406,0.07603421807289124
7407,0.07691501826047897
7408,0.07668336480855942
7409,0.07717110961675644
7410,0.07605651021003723
7411,0.2003076672554016
7412,0.07600937783718109
7413,0.07591191679239273
7414,0.11749864369630814
7415,0.3023128807544708
7416,0.09804040193557739
7417,0.07890280336141586
7418,0.07611045986413956
7419,0.07717041671276093
7420,0.0830235630273819
7421,0.1950386017560959
7422,0.22873666882514954
7423,0.08617300540208817
7424,0.19969747960567474
7425,0.093768410384655
7426,0.12149979174137115
7427,0.2008451521396637
7428,0.08169905841350555
7429,0.07647629082202911
7430,0.09405168890953064
7431,0.44315215945243835
7432,0.10144100338220596
7433,0.252732515335083
7434,0.7185935378074646
7435,0.10547993332147598
7436,0.11273662745952606
7437,0.07962262630462646
7438,0.07680242508649826
7439,0.11535514891147614
7440,0.1111987754702568
7441,0.07703834027051926
7442,0.08434324711561203
7443,0.06826452910900116
7444,0.5025482773780823
7445,0.10127797722816467
7446,0.07648861408233643
7447,0.07709719985723495
7448,0.10321526974439621
7449,0.42855098843574524
7450,0.07511474192142487
7451,0.1281535029411316
7452,0.07706553488969803
7453,0.10792942345142365
7454,0.0769938975572586
7455,0.202011376619339
7456,0.21639643609523773
7457,0.07646235078573227
7458,0.08514897525310516
7459,0.10865198820829391
7460,0.07703067362308502
7461,0.18093864619731903
7462,0.21057748794555664
7463,0.0755743607878685
7464,0.17350037395954132
7465,0.17542560398578644
7466,0.8912599086761475
7467,0.19830915331840515
7468,0.27775540947914124
7469,0.09544244408607483
7470,0.32404381036758423
7471,0.18689429759979248
7472,0.19762134552001953
7473,0.07898431271314621
7474,0.0779910609126091
7475,0.21720121800899506
7476,0.07693834602832794
7477,0.07316084206104279
7478,0.07662956416606903
7479,0.3283567726612091
7480,0.1525772660970688
7481,0.2134154886007309
7482,0.08087589591741562
7483,0.07641564309597015
7484,0.21771496534347534
7485,0.08385449647903442
7486,0.13679468631744385
7487,0.10186822712421417
7488,0.253974586725235
7489,0.06317136436700821
7490,0.08371000736951828
7491,0.084278404712677
7492,0.09536204487085342
7493,0.07608439773321152
7494,0.07038348913192749
7495,0.07686275988817215
7496,0.07649029791355133
7497,0.14950846135616302
7498,0.07678423821926117
7499,0.12579607963562012
7500,0.2327902615070343
7501,0.4669486880302429
7502,0.10680148005485535
7503,0.18866492807865143
7504,0.08150786906480789
7505,0.07611127942800522
7506,0.10478595644235611
7507,0.1186545118689537
7508,0.06448790431022644
7509,0.2203187495470047
7510,0.07406281679868698
7511,0.07677352428436279
7512,0.0997047871351242
7513,0.14663498103618622
7514,0.07632111012935638
7515,0.07698620855808258
7516,0.2143949717283249
7517,0.1728878915309906
7518,0.06827176362276077
7519,0.08546342700719833
7520,0.13643905520439148
7521,0.07638083398342133
7522,0.07740156352519989
7523,0.07699380069971085
7524,0.0781717523932457
7525,0.07680266350507736
7526,0.21783436834812164
7527,0.647847592830658
7528,0.0762544795870781
7529,0.0767749696969986
7530,0.06967009603977203
7531,0.07646772265434265
7532,0.29058408737182617
7533,0.08456385880708694
7534,0.2861800193786621
7535,0.5437011122703552
7536,0.3226795494556427
7537,0.078194260597229
7538,0.07608771324157715
7539,0.1566736102104187
7540,0.35010653734207153
7541,0.07684530317783356
7542,0.0765165463089943
7543,0.07695985585451126
7544,0.07663658261299133
7545,0.13203099370002747
7546,0.07681449502706528
7547,0.09683674573898315
7548,0.39032894372940063
7549,0.14347702264785767
7550,0.07713290303945541
7551,0.07746771723031998
7552,0.1586254984140396
7553,0.08210170269012451
7554,0.08734506368637085
7555,0.07717109471559525
7556,0.18732811510562897
7557,0.23637600243091583
7558,0.1777660846710205
7559,0.07659994810819626
7560,0.07755535840988159
7561,0.07715461403131485
7562,0.07664024084806442
7563,0.09600446373224258
7564,0.2079976350069046
7565,0.0751257911324501
7566,0.07693927735090256
7567,0.07350490242242813
7568,0.07730161398649216
7569,0.07777176052331924
7570,0.0765884593129158
7571,0.0851598009467125
7572,0.07616107165813446
7573,0.07703820616006851
7574,0.4027922749519348
7575,0.0770518034696579
7576,0.07201290130615234
7577,0.27959582209587097
7578,0.07270631194114685
7579,0.08220306038856506
7580,0.07593978196382523
7581,0.19993937015533447
7582,0.07670009136199951
7583,0.08230028301477432
7584,0.07691442966461182
7585,0.07689741253852844
7586,0.9154530763626099
7587,0.07700644433498383
7588,0.07315094769001007
7589,0.11758477985858917
7590,0.07695778459310532
7591,0.14464609324932098
7592,0.08820507675409317
7593,0.4529148042201996
7594,0.07650118321180344
7595,0.2087721824645996
7596,0.08274195343255997
7597,0.08544574677944183
7598,0.07689521461725235
7599,0.20505715906620026
7600,0.07694210112094879
7601,0.07637965679168701
7602,0.07599953562021255
7603,0.07705734670162201
7604,0.07737669348716736
7605,0.07224325835704803
7606,0.09670188277959824
7607,0.06598269939422607
7608,0.2127886712551117
7609,0.3227025866508484
7610,0.08809568732976913
7611,0.0766836479306221
7612,0.05968916416168213
7613,0.07686025649309158
7614,0.07661475241184235
7615,0.0771682932972908
7616,0.915601372718811
7617,0.07592044770717621
7618,0.07630971819162369
7619,0.053512368351221085
7620,0.2004963755607605
7621,0.15485787391662598
7622,0.08612683415412903
7623,0.0839344784617424
7624,0.07716036587953568
7625,0.07457824796438217
7626,0.19625738263130188
7627,0.07681618630886078
7628,0.09314561635255814
7629,0.07635746151208878
7630,0.09632900357246399
7631,0.08128511905670166
7632,0.20744410157203674
7633,0.07691638916730881
7634,0.07598592340946198
7635,0.07689213752746582
7636,0.07115708291530609
7637,0.14086127281188965
7638,0.07596956938505173
